
<project xmlns="http://maven.apache.org/POM/4.0.0" xmlns:xsi="http://www.w3.org/2001/XMLSchema-instance" xsi:schemaLocation="http://maven.apache.org/POM/4.0.0 http://maven.apache.org/xsd/maven-4.0.0.xsd">
  <modelVersion>4.0.0</modelVersion>
  <groupId>com.korg.spark.test</groupId>
  <artifactId>spark-test</artifactId>
  <version>0.0.1-SNAPSHOT</version>
  <name>SparkTest</name>
  <description>SparkTest</description>
   <dependencies>
  <dependency>
  <groupId>org.apache.spark</groupId>
  <artifactId>spark-core_2.11</artifactId>
  <version>2.3.0</version>
  </dependency>
  <dependency> <!-- Spark dependency -->
      <groupId>org.apache.spark</groupId>
      <artifactId>spark-sql_2.11</artifactId>
      <version>2.3.0</version>
    </dependency>
  </dependencies>
</project>